Context,Response
" Taking into account individual patient characteristics and comorbidities, the latest hypertension guidelines emphasise the importance of lifestyle modifications such as dietary changes, exercise, and stress management, in addition to pharmacotherapy. Furthermore, there's a renewed focus on blood pressure targets tailored to the patient's age, comorbidities, and overall cardiovascular risk."," Yes, this personalised approach sounds promising. I'm curious about the role of digital health technologies in hypertension management. Are there any updates in that area?"
" It's crucial to consider lifestyle modifications alongside medication for hypertension management. For instance, reducing sodium intake, increasing physical activity, and managing stress can significantly impact blood pressure levels."," Absolutely, lifestyle changes are fundamental. Could you provide some insights into how these changes specifically affect different patient populations, such as elderly patients or those with diabetes?"
" In terms of medication, thiazide diuretics remain a first-line treatment option for many patients with hypertension due to their efficacy and cost-effectiveness.", Thiazide diuretics indeed have a long-standing history in hypertension treatment. How do you address concerns about electrolyte imbalances or other potential side effects associated with their use?
 The guidelines stress the importance of combination therapy for patients who don't achieve adequate blood pressure control with monotherapy alone. ACE inhibitors and ARBs are often combined with calcium channel blockers or diuretics to achieve optimal results., Combination therapy is often necessary in clinical practice. Can you elaborate on the rationale behind selecting specific drug combinations for individual patients?
 It's essential to regularly monitor patients' blood pressure and adjust treatment as necessary to achieve target levels. Home blood pressure monitoring devices can facilitate this process and empower patients to take an active role in their care.," Home monitoring can be beneficial, but how do you ensure patients are using these devices correctly and interpreting the results accurately?"
" Lifestyle modifications are particularly important for patients with prehypertension, as they can potentially prevent the progression to hypertension and reduce cardiovascular risk.", Prehypertension is a critical stage where intervention can make a significant difference. How do you effectively communicate the importance of lifestyle changes to patients who may not perceive the urgency of their condition?
" The guidelines also highlight the importance of assessing and addressing psychosocial factors that may contribute to hypertension, such as stress, anxiety, and depression.", Mental health aspects are often overlooked in hypertension management. How do you incorporate mental health screening and support into your practice?
" Patient education plays a crucial role in hypertension management. Ensuring patients understand the importance of medication adherence, lifestyle changes, and regular monitoring can improve outcomes.", Patient education is indeed key. How do you tailor your approach to patient education to ensure it resonates with different demographics and health literacy levels?
" Recent evidence suggests that certain dietary patterns, such as the DASH (Dietary Approaches to Stop Hypertension) diet, can effectively lower blood pressure when combined with other lifestyle modifications.", Dietary interventions can be challenging for some patients to adopt. What strategies do you recommend for supporting patients in making sustainable dietary changes?
" It's important to consider potential drug interactions when prescribing antihypertensive medications, especially in patients with multiple comorbidities who may be taking several medications concurrently.", Drug interactions can complicate treatment. How do you stay updated on the latest evidence regarding potential interactions between antihypertensive drugs and other commonly prescribed medications?
" Shared decision-making is integral to hypertension management, allowing patients to be actively involved in treatment decisions based on their preferences, values, and individual circumstances."," Shared decision-making promotes patient autonomy. How do you navigate situations where patient preferences may conflict with clinical recommendations, particularly regarding treatment options or lifestyle changes?"
 Regular follow-up appointments are crucial for monitoring patients' response to treatment and adjusting therapy as needed to achieve optimal blood pressure control., Follow-up care is indeed vital. How do you ensure patients adhere to their scheduled appointments and continue their treatment plans between visits?
" Hypertension management often requires a multidisciplinary approach involving collaboration between primary care physicians, cardiologists, and other healthcare professionals.", Collaboration is key for comprehensive care. How do you facilitate communication and coordination among healthcare providers to ensure seamless patient management?
" Lifestyle modifications should be encouraged as first-line therapy for patients with stage 1 hypertension, with medication added if blood pressure targets are not met within a specified timeframe.", Early intervention is crucial. How do you determine the appropriate timeframe for initiating medication in patients with stage 1 hypertension who fail to achieve target blood pressure levels through lifestyle changes alone?
" Pharmacists play a valuable role in hypertension management by providing medication counselling, monitoring for drug interactions, and promoting adherence to treatment regimens.", Pharmacy involvement can enhance patient care. How do you collaborate with pharmacists to optimise hypertension treatment outcomes?
 Lifestyle modifications should be tailored to the individual patient's preferences and cultural background to ensure adherence and effectiveness., Cultural competence is essential in healthcare delivery. How do you integrate cultural considerations into your approach when recommending lifestyle changes to patients from diverse backgrounds?
 Hypertension guidelines advocate for a patient-centred approach that takes into account individual preferences and values when making treatment decisions., Patient preferences vary widely. How do you facilitate discussions to ensure patients feel empowered to express their treatment preferences and concerns?
" Telemedicine has emerged as a valuable tool for monitoring blood pressure and providing virtual consultations, especially in rural or underserved areas.", Telemedicine offers accessibility benefits. How do you ensure the quality of care and patient confidentiality in telemedicine consultations for hypertension management?
" Lifestyle modifications can lead to significant reductions in blood pressure, potentially allowing for dose reductions or discontinuation of antihypertensive medications.", Lifestyle changes can indeed impact medication needs. How do you monitor patients' progress and adjust their treatment plans accordingly as they make lifestyle modifications?
 Patient empowerment through education and involvement in decision-making is crucial for long-term adherence to hypertension management strategies., Empowering patients fosters better outcomes. How do you gauge patient readiness for taking an active role in their hypertension management?
" Hypertension treatment should be tailored to the patient's overall cardiovascular risk profile, considering factors such as smoking status, lipid levels, and family history.", Individualised treatment is essential. How do you prioritise and address multiple cardiovascular risk factors in patients with hypertension?
" Hypertension guidelines recommend regular monitoring of renal function and electrolytes in patients on certain antihypertensive medications, particularly those with underlying renal disease or at risk for electrolyte imbalances.", Renal function monitoring is crucial. How do you educate patients about the importance of these tests and address any concerns they may have?
 Lifestyle modifications such as smoking cessation and limiting alcohol intake can complement pharmacotherapy in managing hypertension and reducing cardiovascular risk.," Lifestyle choices greatly impact hypertension. How do you support patients in adopting and maintaining these changes, especially those with long-standing habits?"
" Patient engagement in self-management tasks, such as medication adherence and lifestyle modifications, is associated with better blood pressure control and improved outcomes.", Patient engagement is key. How do you motivate patients who may initially be resistant to taking an active role in managing their hypertension?
" Hypertension guidelines emphasise the importance of individualising treatment goals based on patients' preferences, tolerability, and overall health status.", Individualised care is crucial. How do you ensure treatment goals are realistic and achievable for each patient?
" Regular physical activity can have a profound impact on blood pressure regulation, with recommendations for at least 150 minutes of moderate-intensity exercise per week."," Exercise is essential for overall health. How do you assist patients in incorporating physical activity into their daily routines, particularly those with mobility limitations or sedentary lifestyles?"
" Non-pharmacological interventions, such as biofeedback and relaxation techniques, can complement traditional treatments in managing hypertension by reducing stress and promoting relaxation.", Stress management is important for overall health. How do you introduce these techniques to patients and ensure they have the resources to practise them effectively?
" Hypertension management involves addressing modifiable risk factors such as obesity and metabolic syndrome, which can contribute to elevated blood pressure.", Obesity is a significant risk factor. How do you approach discussions about weight management with sensitivity and without stigmatising patients?
 Home blood pressure monitoring can provide valuable data for assessing the effectiveness of treatment and guiding therapeutic decisions., Home monitoring offers convenience. How do you ensure patients receive proper training on using these devices and accurately interpreting their results?
" Addressing sleep disorders, such as obstructive sleep apnea, can significantly impact blood pressure control and overall cardiovascular health.", Sleep quality is often overlooked. How do you screen for and manage sleep disorders in patients with hypertension?
 Social support networks can play a crucial role in helping patients adhere to their hypertension management plans and navigate lifestyle changes.," Social support is valuable. How do you involve patients' support systems in their care, especially for those who may lack strong familial or social connections?"
" Hypertension management often requires a holistic approach, addressing not only physical health but also mental and emotional well-being.", Holistic care is important. How do you integrate mental health screening and support into routine hypertension assessments?
" Lifestyle modifications, such as reducing alcohol consumption and quitting smoking, can have significant benefits in hypertension management.", Lifestyle changes are crucial. How do you assist patients in overcoming barriers to adopting healthier habits?
" Hypertension guidelines emphasise the importance of shared decision-making between healthcare providers and patients, considering individual preferences and treatment goals.", Shared decision-making is valuable. How do you ensure patients feel empowered to actively participate in their hypertension management?
" Lifestyle modifications such as the adoption of a heart-healthy diet, like the Mediterranean diet, can complement pharmacological treatments in managing hypertension."," Dietary choices are important. How do you assist patients in making sustainable dietary changes, especially those with cultural or financial limitations?"
 Regular physical activity not only helps control blood pressure but also contributes to overall cardiovascular health and reduces the risk of other comorbidities., Exercise is beneficial. How do you tailor exercise recommendations to accommodate patients with varying levels of fitness and mobility?
" Lifestyle modifications, such as weight loss and stress reduction, can lead to significant improvements in blood pressure control and overall cardiovascular health.", Lifestyle changes are paramount. How do you provide ongoing support and encouragement to patients as they work towards their hypertension management goals?
" Patient education should include information on potential side effects of antihypertensive medications, empowering patients to recognize and report adverse reactions promptly.", Patient awareness is key. How do you ensure patients understand the importance of reporting any medication-related concerns or adverse effects?
" Lifestyle modifications, such as reducing processed food intake and increasing consumption of fruits and vegetables, can positively impact blood pressure levels.", Dietary habits matter. How do you assist patients in making sustainable dietary changes in the context of their cultural preferences and socioeconomic factors?
" Lifestyle interventions, such as mindfulness-based stress reduction techniques, can help lower blood pressure and improve overall well-being.", Stress management is important. How do you introduce these techniques to patients and ensure they have the resources to practise them effectively?
" Lifestyle modifications, such as regular exercise and stress reduction techniques, can complement pharmacological treatments in hypertension management.", Lifestyle changes are multifaceted. How do you prioritise interventions and tailor recommendations to each patient's unique needs and circumstances?
 Patient education should include information on the importance of medication adherence and the potential consequences of non-compliance in hypertension management., Adherence is crucial. How do you address barriers to adherence and support patients in maintaining their medication regimen?
" Lifestyle modifications, such as regular physical activity and stress management techniques, can have a synergistic effect with pharmacotherapy in controlling blood pressure.", Lifestyle interventions are integral. How do you assist patients in implementing these changes in their daily lives?
 Hypertension management requires a comprehensive approach that addresses not only blood pressure control but also risk factor modification for cardiovascular disease., Comprehensive care is essential. How do you prioritise interventions for patients with multiple risk factors and comorbidities?
" Lifestyle modifications, such as dietary changes and regular exercise, can help reduce the need for higher doses of antihypertensive medications.", Lifestyle interventions can be impactful. How do you monitor patients' progress and adjust their treatment plans accordingly as they make these changes?
" Combination therapy with two or more antihypertensive agents is often necessary to achieve target blood pressure levels, especially in patients with comorbidities.", Combination therapy is common. How do you monitor for adverse effects and ensure patients tolerate their medication regimen?
" Hypertension management requires a personalised approach, taking into account individual patient characteristics and preferences.", Personalization is key. How do you tailor treatment plans to meet the specific needs and goals of each patient?
" Lifestyle modifications, such as weight loss and salt restriction, can significantly reduce blood pressure and lower cardiovascular risk.", Lifestyle changes are foundational. How do you address patients' resistance or reluctance to make these changes?
 Regular monitoring of blood pressure is essential for assessing treatment efficacy and adjusting therapy as needed., Monitoring is crucial. How do you encourage patients to track their blood pressure at home and communicate the results effectively?
" Lifestyle modifications, such as reducing alcohol consumption and increasing physical activity, can help lower blood pressure and reduce the need for medication.", Lifestyle changes are impactful. How do you support patients in making sustainable changes and maintaining them long-term?
" Lifestyle modifications, such as the DASH diet and regular exercise, can help lower blood pressure and improve overall cardiovascular health.", Lifestyle interventions are important. How do you assist patients in integrating these changes into their daily routines?
" Lifestyle modifications, such as reducing stress through relaxation techniques and adequate sleep, can contribute to better blood pressure control.", Stress management is crucial. How do you educate patients on effective stress reduction strategies and ensure they incorporate them into their daily routines?
" Lifestyle modifications, such as limiting caffeine intake and avoiding excessive alcohol consumption, can help stabilise blood pressure levels.", Lifestyle choices matter. How do you assist patients in identifying and addressing habits that may contribute to their hypertension?
" Regular physical activity, such as brisk walking or swimming, can be effective in reducing blood pressure and improving overall cardiovascular health.", Exercise is beneficial. How do you help patients overcome barriers to starting or maintaining a regular exercise routine?
" Lifestyle modifications, such as adopting the Mediterranean diet and practising mindfulness, can help manage hypertension and reduce the risk of cardiovascular events.", Lifestyle changes are important. How do you provide ongoing support to patients as they incorporate these changes into their lives?
 Regular monitoring of blood pressure at home can provide valuable insights into treatment effectiveness and help patients take an active role in managing their condition., Home monitoring is useful. How do you ensure patients understand the importance of consistent monitoring and how to interpret their blood pressure readings accurately?
" Lifestyle modifications, such as reducing processed food consumption and increasing fibre intake, can positively impact blood pressure control and overall cardiovascular health.", Dietary changes are important. How do you assist patients in making sustainable modifications to their diet?
" Lifestyle modifications, such as maintaining a healthy weight and engaging in regular physical activity, can help prevent the development of hypertension.", Prevention is key. How do you counsel patients on adopting healthy habits to reduce their risk of developing hypertension?
" Lifestyle modifications, such as reducing sodium intake and increasing potassium-rich foods, can help lower blood pressure and reduce the risk of cardiovascular events.", Dietary changes are important. How do you assist patients in making gradual adjustments to their eating habits?
" Lifestyle modifications, such as reducing stress through relaxation techniques and increasing physical activity, can complement pharmacological treatments in managing hypertension.", Lifestyle interventions are valuable. How do you tailor recommendations to meet the individual needs and preferences of each patient?
" Lifestyle modifications, such as reducing alcohol consumption and avoiding tobacco use, can significantly improve blood pressure control and reduce the risk of complications.", Lifestyle choices are impactful. How do you support patients in making these changes and maintaining them over time?
" Lifestyle modifications, such as engaging in regular physical activity and managing stress levels, play a crucial role in hypertension management by complementing pharmacotherapy.", Lifestyle changes are pivotal. How do you assist patients in setting achievable goals for incorporating these modifications into their daily routines?
" Lifestyle modifications, such as reducing processed food intake and increasing consumption of whole grains and fresh produce, can positively impact blood pressure control.", Dietary changes are significant. How do you address cultural and socioeconomic factors that may influence patients' ability to adopt healthier eating habits?
" Hypertension guidelines emphasise the importance of regular physical activity, which can include activities like walking, swimming, or cycling, in addition to structured exercise programs.", Exercise is essential. How do you tailor exercise recommendations to accommodate patients with varying fitness levels and physical limitations?
" Lifestyle modifications, such as reducing salt intake and increasing potassium consumption, can help lower blood pressure and reduce the risk of cardiovascular events.", Dietary adjustments are key. How do you assist patients in making sustainable changes to their eating habits?
" Hypertension management involves a multifaceted approach that addresses lifestyle factors, medication adherence, and regular monitoring of blood pressure.", Comprehensive care is crucial. How do you ensure patients understand the importance of adhering to their treatment plan and attending follow-up appointments?
" Lifestyle modifications, such as reducing alcohol consumption and increasing physical activity, can help lower blood pressure and improve overall cardiovascular health."," Lifestyle changes are significant. How do you support patients in making these changes, especially those who may face barriers such as lack of time or resources?"
" Lifestyle modifications, such as stress reduction techniques and increasing physical activity, can help lower blood pressure and reduce the need for medication."," Lifestyle interventions are crucial. How do you assist patients in integrating these changes into their daily lives, considering factors like work stress and family commitments?"
" Lifestyle modifications, such as reducing stress through relaxation techniques and maintaining a healthy weight, can positively impact blood pressure control.", Lifestyle changes are important. How do you empower patients to take ownership of their health and make sustainable changes?
" Lifestyle modifications, such as following a heart-healthy diet and engaging in regular physical activity, can help reduce the risk of hypertension and improve overall cardiovascular health."," Lifestyle choices are paramount. How do you assist patients in making sustainable changes to their habits, particularly when faced with competing priorities?"